SNPName,minAlleleFrequency,alleleClassification
SNP1,0.07335490830636461,homozygous
SNP10,0.0,homozygous
SNP100,0.46807151979565775,heterozygous
SNP101,0.4892086330935252,heterozygous
SNP102,0.0,homozygous
SNP103,0.003882915173237754,homozygous
SNP104,0.490380245417361,heterozygous
SNP105,0.0022077620264931443,homozygous
SNP106,0.0003484927687750479,homozygous
SNP107,0.0012106537530266344,homozygous
SNP108,0.490329035126723,heterozygous
SNP109,0.0,homozygous
SNP11,0.0005336748852598997,homozygous
SNP110,0.48683333333333334,heterozygous
SNP111,0.4951313858876884,heterozygous
SNP112,0.48579613272857486,heterozygous
SNP113,0.49120521172638437,heterozygous
SNP115,0.4777777777777778,heterozygous
SNP116,0.43110140708393985,heterozygous
SNP119,0.4614443084455324,heterozygous
SNP12,0.46912350597609564,heterozygous
SNP121,0.0,homozygous
SNP123,0.4962702030667219,heterozygous
SNP124,0.001053740779768177,homozygous
SNP125,0.0013351134846461949,homozygous
SNP126,0.48618275607958733,heterozygous
SNP127,0.490738769427294,heterozygous
SNP128,0.0005008765339343851,homozygous
SNP129,0.0021611237843678715,homozygous
SNP13,0.0008397186942374305,homozygous
SNP130,0.4789664408381913,heterozygous
SNP131,0.49421899795964636,heterozygous
SNP132,0.4968508538406597,heterozygous
SNP133,0.48875545851528385,heterozygous
SNP134,0.0005584512285927029,homozygous
SNP136,0.0002652168147460549,homozygous
SNP137,0.0,homozygous
SNP138,0.4836033188463058,heterozygous
SNP14,0.0008519338899301414,homozygous
SNP140,0.496,heterozygous
SNP141,0.46598228663446056,heterozygous
SNP142,0.4853941576630652,heterozygous
SNP143,0.4540019926934573,heterozygous
SNP145,0.46667958155753586,heterozygous
SNP147,0.45672112353109773,heterozygous
SNP148,0.0,homozygous
SNP149,0.000156128024980484,homozygous
SNP150,0.44192949907235624,heterozygous
SNP151,0.0,homozygous
SNP154,0.4908542334527626,heterozygous
SNP156,0.4201916335592428,heterozygous
SNP157,0.4662327095199349,heterozygous
SNP158,0.0,homozygous
SNP16,0.0,homozygous
SNP160,0.392226148409894,heterozygous
SNP161,0.0009474182851729038,homozygous
SNP162,0.4722020612570765,heterozygous
SNP163,0.0005468664552116373,homozygous
SNP164,0.0004020100502512563,homozygous
SNP165,0.4842068726136758,heterozygous
SNP166,0.4793765443831971,heterozygous
SNP167,0.4628064243448859,heterozygous
SNP17,0.00039952057530962844,homozygous
SNP172,0.000963948332369385,homozygous
SNP176,0.4385589735153808,heterozygous
SNP178,0.0004455004455004455,homozygous
SNP180,0.44236408752537787,heterozygous
SNP181,0.4806668675303806,heterozygous
SNP182,0.001128668171557562,homozygous
SNP184,0.4604127579737336,heterozygous
SNP186,0.4452054794520548,heterozygous
SNP187,0.4967148488830486,heterozygous
SNP189,0.0016992353440951572,homozygous
SNP191,0.0005211047420531526,homozygous
SNP193,0.49268088665830195,heterozygous
SNP194,0.463859649122807,heterozygous
SNP195,0.0004888780249327792,homozygous
SNP196,0.0,homozygous
SNP197,0.00015167602002123465,homozygous
SNP198,0.0,homozygous
SNP199,0.0,homozygous
SNP2,0.47250531974465226,heterozygous
SNP20,0.0007707129094412332,homozygous
SNP200,0.0006788866259334691,homozygous
SNP202,0.00036094567767550983,homozygous
SNP203,0.0,homozygous
SNP204,0.48745188606620476,heterozygous
SNP205,0.0008204791598293403,homozygous
SNP206,0.00015202189115232594,homozygous
SNP207,0.0003097893432465923,homozygous
SNP208,0.47376237623762374,heterozygous
SNP210,0.0,homozygous
SNP212,0.48201438848920863,heterozygous
SNP213,0.0,homozygous
SNP214,0.4855072463768116,heterozygous
SNP215,0.001268713524486171,homozygous
SNP216,0.2761998041136141,heterozygous
SNP217,0.0,homozygous
SNP218,0.49403275048570633,heterozygous
SNP219,0.0,homozygous
SNP22,0.0009596161535385846,homozygous
SNP221,0.46283648051426274,heterozygous
SNP222,0.000455684666210982,homozygous
SNP224,0.0,homozygous
SNP225,0.48783314020857477,heterozygous
SNP226,0.47347880078055704,heterozygous
SNP227,0.0,homozygous
SNP228,0.47562526494277235,heterozygous
SNP23,0.0030245746691871457,homozygous
SNP230,0.0,homozygous
SNP232,0.0,homozygous
SNP234,0.0004491017964071856,homozygous
SNP235,0.46865671641791046,heterozygous
SNP237,0.4967741935483871,heterozygous
SNP238,0.4831008583690987,heterozygous
SNP24,0.464973544973545,heterozygous
SNP242,0.0,homozygous
SNP243,0.00017943656917279743,homozygous
SNP244,0.0,homozygous
SNP245,0.00019047619047619048,homozygous
SNP246,0.47419763925470687,heterozygous
SNP247,0.49016504634863217,heterozygous
SNP248,0.0007405350365639174,homozygous
SNP250,0.0008703220191470844,homozygous
SNP251,0.45296884185773073,heterozygous
SNP252,0.46637069922308544,heterozygous
SNP253,0.4557291666666667,heterozygous
SNP255,0.47739463601532567,heterozygous
SNP256,0.4869026382499296,heterozygous
SNP257,0.480410447761194,heterozygous
SNP258,0.48583146905294555,heterozygous
SNP259,8.124796880077999e-05,homozygous
SNP26,0.4991696322657177,heterozygous
SNP260,0.0006933210076265311,homozygous
SNP262,0.0005580357142857143,homozygous
SNP263,0.4696032972694487,heterozygous
SNP264,0.45218680504077097,heterozygous
SNP265,0.0,homozygous
SNP266,0.4888888888888889,heterozygous
SNP267,0.0,homozygous
SNP268,0.49950661140714425,heterozygous
SNP27,0.0,homozygous
SNP270,0.4621010638297872,heterozygous
SNP271,0.49574554294975687,heterozygous
SNP272,0.0002566735112936345,homozygous
SNP273,0.44344957587181905,heterozygous
SNP275,0.0003367003367003367,homozygous
SNP276,0.48289370592844083,heterozygous
SNP277,0.4641080312722104,heterozygous
SNP278,0.46770025839793283,heterozygous
SNP279,0.0,homozygous
SNP28,0.4566547679755227,heterozygous
SNP281,0.0004136504653567735,homozygous
SNP282,0.0,homozygous
SNP283,0.0009652509652509653,homozygous
SNP284,0.0013964313421256788,homozygous
SNP285,0.0005701254275940707,homozygous
SNP287,0.0005695571693008686,homozygous
SNP289,0.49943847264559604,heterozygous
SNP29,0.000589159465828751,homozygous
SNP292,0.45084745762711864,heterozygous
SNP293,0.00022662889518413598,homozygous
SNP294,0.4637716516223469,heterozygous
SNP295,0.0,homozygous
SNP296,9.662769349695623e-05,homozygous
SNP298,0.49884991374353077,heterozygous
SNP299,0.47287047841306884,heterozygous
SNP3,0.001836210062431142,homozygous
SNP30,0.48324022346368717,heterozygous
SNP300,0.0002846569883290635,homozygous
SNP301,0.4994128322835486,heterozygous
SNP302,0.00038066235249333843,homozygous
SNP303,0.0001181753722524226,homozygous
SNP304,0.0,homozygous
SNP306,0.00026048450117218026,homozygous
SNP307,0.0004864601913410086,homozygous
SNP308,0.47657295850066933,heterozygous
SNP31,0.0015661707126076742,homozygous
SNP310,0.0009191176470588235,homozygous
SNP311,0.0,homozygous
SNP313,0.45362859022144264,heterozygous
SNP316,0.001534683855125844,homozygous
SNP317,0.0009290802105915144,homozygous
SNP319,0.4908851306830661,heterozygous
SNP32,0.44005544005544006,heterozygous
SNP320,0.4954428202923474,heterozygous
SNP321,0.49416342412451364,heterozygous
SNP322,0.45486600846262343,heterozygous
SNP323,0.0,homozygous
SNP326,0.0,homozygous
SNP327,0.0,homozygous
SNP328,0.006107834877843303,homozygous
SNP329,0.4431214802896219,heterozygous
SNP331,0.015827338129496403,homozygous
SNP332,0.4568413769244075,heterozygous
SNP333,0.4880563895052865,heterozygous
SNP335,0.480489145369607,heterozygous
SNP336,0.0005429864253393666,homozygous
SNP337,0.4429090909090909,heterozygous
SNP338,0.0,homozygous
SNP340,0.4603389830508475,heterozygous
SNP342,0.00023798191337458352,homozygous
SNP343,0.4853526508517752,heterozygous
SNP346,0.49645933014354066,heterozygous
SNP347,0.47004279600570614,heterozygous
SNP349,0.48262768179229165,heterozygous
SNP350,0.48408206579412805,heterozygous
SNP353,0.012779060816012317,homozygous
SNP354,0.0012578616352201257,homozygous
SNP355,0.0014985014985014985,homozygous
SNP358,0.49597738638834526,heterozygous
SNP359,0.0008305647840531562,homozygous
SNP36,0.0001320306311064167,homozygous
SNP361,0.0005941770647653001,homozygous
SNP365,0.0001639344262295082,homozygous
SNP366,0.4662576687116564,heterozygous
SNP367,0.4978470371129793,heterozygous
SNP368,0.4469297620743696,heterozygous
SNP370,0.44496600841696343,heterozygous
SNP371,0.49349728068101206,heterozygous
SNP372,0.4948132780082988,heterozygous
SNP373,0.4995605039554644,heterozygous
SNP374,0.0,homozygous
SNP375,0.46260697011038077,heterozygous
SNP376,0.0002604505795025394,homozygous
SNP378,0.4224114254325735,heterozygous
SNP38,0.001615798922800718,homozygous
SNP380,0.0002962962962962963,homozygous
SNP382,0.0007594456047085627,homozygous
SNP383,0.49531542785758903,heterozygous
SNP384,0.0011046672190002762,homozygous
SNP385,0.4954022988505747,heterozygous
SNP386,0.4936871388829446,heterozygous
SNP387,0.47919161676646704,heterozygous
SNP389,0.45602083750751354,heterozygous
SNP39,0.0007933809361895047,homozygous
SNP390,0.00012704865963664082,homozygous
SNP391,0.4845035895639993,heterozygous
SNP392,0.00047460844803037496,homozygous
SNP394,0.0,homozygous
SNP395,0.0,homozygous
SNP396,0.0,homozygous
SNP397,0.0,homozygous
SNP4,0.0,homozygous
SNP40,0.48478260869565215,heterozygous
SNP400,0.46023369770071615,heterozygous
SNP401,0.47953913388955105,heterozygous
SNP402,0.48063507337021893,heterozygous
SNP403,0.47628695091629064,heterozygous
SNP405,0.00034234851078397807,homozygous
SNP406,0.00039529597786342526,homozygous
SNP407,0.0,homozygous
SNP41,0.4448645242596093,heterozygous
SNP411,0.0,homozygous
SNP412,0.4508700102354145,heterozygous
SNP414,0.4858892041212483,heterozygous
SNP415,0.4972881355932203,heterozygous
SNP416,0.4619272961927296,heterozygous
SNP417,0.0,homozygous
SNP418,0.0009832841691248771,homozygous
SNP419,0.475,heterozygous
SNP42,0.0012898470609913396,homozygous
SNP421,0.0010914647456887142,homozygous
SNP422,0.019775036284470245,homozygous
SNP424,0.0001893222264293828,homozygous
SNP427,0.4647138964577657,heterozygous
SNP428,0.00023223409196470042,homozygous
SNP429,0.0007245326764237067,homozygous
SNP432,0.4724186704384724,heterozygous
SNP434,0.0,homozygous
SNP438,0.000351493848857645,homozygous
SNP440,0.02274436090225564,homozygous
SNP441,0.48696461824953446,heterozygous
SNP443,0.0,homozygous
SNP444,0.40678341831079584,heterozygous
SNP445,0.0,homozygous
SNP446,0.00014710208884966165,homozygous
SNP447,0.000351493848857645,homozygous
SNP448,0.0004179728317659352,homozygous
SNP45,0.001392369813422445,homozygous
SNP450,0.0007417022065640646,homozygous
SNP451,0.0005688821465819664,homozygous
SNP452,0.449952335557674,heterozygous
SNP453,0.00020990764063811922,homozygous
SNP454,0.00017179178835251675,homozygous
SNP455,0.0018055973517905506,homozygous
SNP457,0.00045092439500977,homozygous
SNP458,0.00043122035360068997,homozygous
SNP46,0.464886695086381,heterozygous
SNP461,0.47473903966597075,heterozygous
SNP464,0.4659604299735161,heterozygous
SNP467,0.0,homozygous
SNP47,0.001001201441730076,homozygous
SNP471,0.48087649402390437,heterozygous
SNP472,0.4785153461812991,heterozygous
SNP474,0.0012577034335303735,homozygous
SNP475,0.4909290819131391,heterozygous
SNP476,0.41540905480540113,heterozygous
SNP48,0.3946980854197349,heterozygous
SNP482,0.00040241448692152917,homozygous
SNP484,0.0,homozygous
SNP486,0.49060773480662984,heterozygous
SNP487,0.0001038637307852098,homozygous
SNP489,0.4826918217805104,heterozygous
SNP49,0.0010158013544018058,homozygous
SNP490,0.09090909090909091,homozygous
SNP491,0.4824765175234825,heterozygous
SNP492,0.0,homozygous
SNP493,0.4964228354504307,heterozygous
SNP494,0.4840916866233322,heterozygous
SNP495,0.41949967928159076,heterozygous
SNP497,0.0,homozygous
SNP498,0.0,homozygous
SNP499,0.4702721442191021,heterozygous
SNP50,0.46095048188767035,heterozygous
SNP501,0.0,homozygous
SNP503,0.4874632934266998,heterozygous
SNP504,0.0,homozygous
SNP506,0.4394971189104243,heterozygous
SNP507,0.4602332979851538,heterozygous
SNP508,0.0007360157016683023,homozygous
SNP509,0.4879591836734694,heterozygous
SNP51,0.49275012083131947,heterozygous
SNP511,0.0009186351706036745,homozygous
SNP512,0.47257955314827355,heterozygous
SNP513,0.46455882352941175,heterozygous
SNP514,0.0,homozygous
SNP515,0.48564245070795287,heterozygous
SNP517,0.00022547914317925591,homozygous
SNP518,0.0003125,homozygous
SNP519,0.48336183085624096,heterozygous
SNP52,0.4961089494163424,heterozygous
SNP520,0.0182339684490883,homozygous
SNP522,0.0007782101167315176,homozygous
SNP524,0.00016877637130801687,homozygous
SNP528,0.0013740982480247338,homozygous
SNP531,0.4639796154737086,heterozygous
SNP533,0.0,homozygous
SNP534,0.0,homozygous
SNP535,0.0,homozygous
SNP536,0.00461287988422576,homozygous
SNP537,0.4926811852909675,heterozygous
SNP538,0.0,homozygous
SNP539,0.0002072538860103627,homozygous
SNP540,0.4618852459016393,heterozygous
SNP544,0.4681933842239186,heterozygous
SNP545,0.44663845792195583,heterozygous
SNP546,0.4560040110303334,heterozygous
SNP548,0.43899733806566105,heterozygous
SNP549,0.0002770083102493075,homozygous
SNP55,0.0013381506757660913,homozygous
SNP552,0.021215043394406944,homozygous
SNP553,0.4940322958109057,heterozygous
SNP554,0.4084967320261438,heterozygous
SNP558,0.4873334309562161,heterozygous
SNP56,0.0,homozygous
SNP560,0.4902120717781403,heterozygous
SNP563,0.4969818913480885,heterozygous
SNP564,0.0,homozygous
SNP565,0.0003240440699935191,homozygous
SNP566,0.000101615689462453,homozygous
SNP567,0.49738356881214024,heterozygous
SNP568,0.0006697923643670462,homozygous
SNP57,0.4549881636794048,heterozygous
SNP571,0.4953173777315297,heterozygous
SNP574,0.0010501443948542925,homozygous
SNP575,0.00024061597690086623,homozygous
SNP576,0.4940047961630695,heterozygous
SNP578,0.4888185654008439,heterozygous
SNP58,0.0008718395815170009,homozygous
SNP580,0.0,homozygous
SNP581,0.0002452182442373713,homozygous
SNP584,0.49373714713030475,heterozygous
SNP585,0.00020842017507294707,homozygous
SNP586,0.0,homozygous
SNP587,0.0,homozygous
SNP59,0.0013131976362442547,homozygous
SNP6,0.02939166097060834,homozygous
SNP62,0.49217849497777044,heterozygous
SNP63,0.001172103926548154,homozygous
SNP65,0.002855685874553799,homozygous
SNP69,0.47277429893819767,heterozygous
SNP70,0.4912221471978393,heterozygous
SNP71,0.0,homozygous
SNP72,0.48003132341425214,heterozygous
SNP73,0.002635046113306983,homozygous
SNP75,0.020652352073430587,homozygous
SNP76,0.0,homozygous
SNP78,0.0033440821688761496,homozygous
SNP81,0.4994652406417112,heterozygous
SNP83,0.0006029999246250094,homozygous
SNP84,0.0013958682300390843,homozygous
SNP87,0.001052964093924397,homozygous
SNP88,0.46795560329394914,heterozygous
SNP89,0.48340526864116684,heterozygous
SNP9,0.4848119090726212,heterozygous
SNP90,0.49274019153537224,heterozygous
SNP91,0.0017340038148083927,homozygous
SNP92,0.0009428403064230996,homozygous
SNP93,0.0002181976871045167,homozygous
SNP94,0.0008745080891998251,homozygous
SNP96,0.0,homozygous
SNP97,0.0,homozygous
SNP98,0.00041672454507570494,homozygous
SNP99,0.0,homozygous
