SNPName,referenceAlleleCount,alternateAlleleCount
SNP1,1718,136
SNP10,7047,0
SNP100,2199,2499
SNP101,781,748
SNP102,0,6463
SNP103,13,3335
SNP104,3364,3237
SNP105,8587,19
SNP106,5737,2
SNP107,4125,5
SNP108,4411,4585
SNP109,0,5349
SNP11,5,9364
SNP110,2921,3079
SNP111,3712,3785
SNP112,2154,2035
SNP113,1562,1508
SNP115,1032,1128
SNP116,1777,2345
SNP119,440,377
SNP12,2665,2355
SNP121,5786,0
SNP123,4790,4862
SNP124,948,1
SNP125,8,5984
SNP126,2639,2789
SNP127,2392,2305
SNP128,2,3991
SNP129,18,8311
SNP13,9519,8
SNP130,3040,3307
SNP131,2180,2231
SNP132,7652,7749
SNP133,4477,4683
SNP134,5369,3
SNP136,7539,2
SNP137,4713,0
SNP138,5228,4896
SNP14,5,5864
SNP140,496,504
SNP141,2315,2653
SNP142,1286,1213
SNP143,1367,1644
SNP145,2409,2753
SNP147,3187,3791
SNP148,0,4141
SNP149,6404,1
SNP150,1191,1504
SNP151,726,0
SNP154,2603,2700
SNP156,4962,3596
SNP157,3936,3438
SNP158,0,4480
SNP16,0,4307
SNP160,2064,1332
SNP161,4218,4
SNP162,3636,3253
SNP163,9138,5
SNP164,2,4973
SNP165,1395,1486
SNP166,2522,2739
SNP167,3285,3813
SNP17,1,2502
SNP172,10,10364
SNP176,3413,2666
SNP178,3,6731
SNP180,3922,4944
SNP181,4786,5171
SNP182,6195,7
SNP184,1227,1438
SNP186,195,243
SNP187,4596,4536
SNP189,4,2350
SNP191,3,5754
SNP193,1178,1213
SNP194,3820,3305
SNP195,2,4089
SNP196,0,6108
SNP197,6592,1
SNP198,5658,0
SNP199,0,1841
SNP2,4710,4219
SNP20,2,2593
SNP200,2944,2
SNP202,2,5539
SNP203,0,4422
SNP204,3166,3329
SNP205,6089,5
SNP206,6577,1
SNP207,1,3227
SNP208,2126,1914
SNP210,2037,0
SNP212,1005,1080
SNP213,5253,0
SNP214,1562,1474
SNP215,5,3936
SNP216,846,2217
SNP217,2638,0
SNP218,1780,1823
SNP219,5119,0
SNP22,12,12493
SNP221,1152,1337
SNP222,4387,2
SNP224,0,2611
SNP225,421,442
SNP226,2669,2968
SNP227,0,1719
SNP228,2244,2474
SNP23,10548,32
SNP230,0,3304
SNP232,6144,0
SNP234,6677,3
SNP235,314,356
SNP237,1232,1248
SNP238,1801,1927
SNP24,4394,5056
SNP242,0,10902
SNP243,1,5572
SNP244,5613,0
SNP245,1,5249
SNP246,4861,5390
SNP247,2255,2168
SNP248,8,10795
SNP250,5740,5
SNP251,1861,1541
SNP252,2101,2404
SNP253,2090,1750
SNP255,623,682
SNP256,5186,5465
SNP257,2575,2785
SNP258,2758,2606
SNP259,12307,1
SNP26,2111,2104
SNP260,4324,3
SNP262,1,1791
SNP263,2059,1823
SNP264,1220,1478
SNP265,777,0
SNP266,1892,1978
SNP267,9287,0
SNP268,2536,2531
SNP27,0,1397
SNP270,4045,3475
SNP271,2447,2489
SNP272,1,3895
SNP273,941,1181
SNP275,2,5938
SNP276,1849,1980
SNP277,3265,3770
SNP278,2172,2472
SNP279,0,7537
SNP28,1791,2131
SNP281,4833,2
SNP282,0,7284
SNP283,3,3105
SNP284,9,6436
SNP285,3506,2
SNP287,4,7019
SNP289,3113,3120
SNP29,5089,3
SNP292,2268,1862
SNP293,8823,2
SNP294,2198,1901
SNP295,7134,0
SNP296,10348,1
SNP298,1735,1743
SNP299,1621,1807
SNP3,5,2718
SNP30,2422,2590
SNP300,1,3512
SNP301,4678,4689
SNP302,2,5252
SNP303,1,8461
SNP304,0,2938
SNP306,1,3838
SNP307,3,6164
SNP308,1424,1564
SNP31,3825,6
SNP310,5435,5
SNP311,3880,0
SNP313,2069,2492
SNP316,3253,5
SNP317,3226,3
SNP319,2318,2235
SNP32,3232,2540
SNP320,5762,5868
SNP321,2600,2540
SNP322,773,645
SNP323,0,5534
SNP326,7931,0
SNP327,4369,0
SNP328,4719,29
SNP329,3461,2754
SNP331,11,684
SNP332,3140,2641
SNP333,3739,3922
SNP335,3497,3781
SNP336,3,5522
SNP337,2298,1827
SNP338,5153,0
SNP340,2716,3184
SNP342,4201,1
SNP343,6097,6465
SNP346,2631,2594
SNP347,2229,1977
SNP349,2542,2725
SNP350,2737,2917
SNP353,6412,83
SNP354,3,2382
SNP355,3,1999
SNP358,2318,2281
SNP359,3,3609
SNP36,7573,1
SNP361,4,6728
SNP365,1,6099
SNP366,2262,1976
SNP367,2428,2449
SNP368,3882,3137
SNP370,2749,3429
SNP371,4284,4174
SNP372,3816,3896
SNP373,5115,5124
SNP374,0,3744
SNP375,4333,3730
SNP376,7677,2
SNP378,1538,2103
SNP38,9,5561
SNP380,3374,1
SNP382,5263,4
SNP383,793,808
SNP384,7234,8
SNP385,3448,3512
SNP386,2307,2366
SNP387,3479,3201
SNP389,2276,2715
SNP39,7,8816
SNP390,7870,1
SNP391,2767,2944
SNP392,2,4212
SNP394,0,6429
SNP395,0,10351
SNP396,0,5730
SNP397,0,4059
SNP4,0,1008
SNP40,2453,2607
SNP400,2864,2442
SNP401,1207,1310
SNP402,2159,1998
SNP403,5172,5687
SNP405,8760,3
SNP406,10115,4
SNP407,5601,0
SNP41,2643,2118
SNP411,6971,0
SNP412,1762,2146
SNP414,3254,3443
SNP415,1467,1483
SNP416,4295,5003
SNP417,11175,0
SNP418,5080,5
SNP419,1197,1323
SNP42,7,5420
SNP421,4576,5
SNP422,5403,109
SNP424,5281,1
SNP427,3411,3929
SNP428,4305,1
SNP429,6896,5
SNP432,2004,2238
SNP434,10706,0
SNP438,14220,5
SNP440,5199,121
SNP441,3306,3138
SNP443,0,3950
SNP444,1835,2676
SNP445,0,6414
SNP446,6797,1
SNP447,3,8532
SNP448,2,4783
SNP45,5,3586
SNP450,10778,8
SNP451,6,10541
SNP452,1888,2308
SNP453,2,9526
SNP454,1,5820
SNP455,3317,6
SNP457,3,6650
SNP458,3,6954
SNP46,2385,2072
SNP461,1258,1137
SNP464,3428,2991
SNP467,0,5395
SNP47,5,4989
SNP471,1207,1303
SNP472,3653,3352
SNP474,7941,10
SNP475,1786,1852
SNP476,1046,1472
SNP48,536,822
SNP482,1,2484
SNP484,0,1937
SNP486,3688,3552
SNP487,9627,1
SNP489,5731,6142
SNP49,8851,9
SNP490,4,40
SNP491,4777,5124
SNP492,2636,0
SNP493,3400,3449
SNP494,3016,2830
SNP495,1308,1810
SNP497,5259,0
SNP498,4886,0
SNP499,2713,3056
SNP50,1622,1387
SNP501,5793,0
SNP503,2269,2158
SNP504,5003,0
SNP506,2140,1678
SNP507,3054,2604
SNP508,4073,3
SNP509,2509,2391
SNP51,2039,2099
SNP511,7613,7
SNP512,698,779
SNP513,3641,3159
SNP514,0,5772
SNP515,3670,3887
SNP517,4434,1
SNP518,2,6398
SNP519,3928,3675
SNP52,1554,1530
SNP520,4792,89
SNP522,6,7704
SNP524,5924,1
SNP528,5814,8
SNP531,2003,2314
SNP533,4440,0
SNP534,6650,0
SNP535,5432,0
SNP536,11005,51
SNP537,1421,1380
SNP538,0,4710
SNP539,2,9648
SNP540,3939,3381
SNP544,2090,1840
SNP545,1900,2354
SNP546,1819,2170
SNP548,2529,1979
SNP549,1,3609
SNP55,10,7463
SNP552,4060,88
SNP553,2111,2162
SNP554,2896,2000
SNP558,3501,3328
SNP56,0,8005
SNP560,1803,1875
SNP563,3500,3458
SNP564,0,7070
SNP565,1,3085
SNP566,9840,1
SNP567,1921,1901
SNP568,3,4476
SNP57,8058,6727
SNP571,2910,2856
SNP574,3805,4
SNP575,2,8310
SNP576,1688,1648
SNP578,2317,2423
SNP58,8022,7
SNP580,3597,0
SNP581,4077,1
SNP584,2708,2641
SNP585,1,4797
SNP586,4429,0
SNP587,0,4094
SNP59,8,6084
SNP6,2840,86
SNP62,2989,3084
SNP63,5113,6
SNP65,28,9777
SNP69,3473,3873
SNP70,1507,1455
SNP71,3529,0
SNP72,1226,1328
SNP73,14,5299
SNP75,5975,126
SNP76,0,2376
SNP78,28,8345
SNP81,2802,2808
SNP83,8,13259
SNP84,5,3577
SNP87,9487,10
SNP88,2972,2614
SNP89,3248,3471
SNP9,2410,2561
SNP90,1642,1595
SNP91,10,5757
SNP92,8477,8
SNP93,4582,1
SNP94,2285,2
SNP96,0,1444
SNP97,2877,0
SNP98,7196,3
SNP99,0,4791