SNPName,referenceAlleleCount,alternateAlleleCount,totalAlleleCount,referenceAlleleFrequency,alternateAlleleFrequency,minAlleleFrequency,alleleClassification
SNP1,1718,136,1854,0.9266450916936354,0.07335490830636461,0.07335490830636461,homozygous
SNP10,7047,0,7047,1.0,0.0,0.0,homozygous
SNP100,2199,2499,4698,0.46807151979565775,0.5319284802043422,0.46807151979565775,heterozygous
SNP101,781,748,1529,0.5107913669064749,0.4892086330935252,0.4892086330935252,heterozygous
SNP102,0,6463,6463,0.0,1.0,0.0,homozygous
SNP103,13,3335,3348,0.003882915173237754,0.9961170848267622,0.003882915173237754,homozygous
SNP104,3364,3237,6601,0.509619754582639,0.490380245417361,0.490380245417361,heterozygous
SNP105,8587,19,8606,0.9977922379735068,0.0022077620264931443,0.0022077620264931443,homozygous
SNP106,5737,2,5739,0.999651507231225,0.0003484927687750479,0.0003484927687750479,homozygous
SNP107,4125,5,4130,0.9987893462469734,0.0012106537530266344,0.0012106537530266344,homozygous
SNP108,4411,4585,8996,0.490329035126723,0.509670964873277,0.490329035126723,heterozygous
SNP109,0,5349,5349,0.0,1.0,0.0,homozygous
SNP11,5,9364,9369,0.0005336748852598997,0.9994663251147401,0.0005336748852598997,homozygous
SNP110,2921,3079,6000,0.48683333333333334,0.5131666666666667,0.48683333333333334,heterozygous
SNP111,3712,3785,7497,0.4951313858876884,0.5048686141123115,0.4951313858876884,heterozygous
SNP112,2154,2035,4189,0.5142038672714252,0.48579613272857486,0.48579613272857486,heterozygous
SNP113,1562,1508,3070,0.5087947882736157,0.49120521172638437,0.49120521172638437,heterozygous
SNP115,1032,1128,2160,0.4777777777777778,0.5222222222222223,0.4777777777777778,heterozygous
SNP116,1777,2345,4122,0.43110140708393985,0.5688985929160602,0.43110140708393985,heterozygous
SNP119,440,377,817,0.5385556915544676,0.4614443084455324,0.4614443084455324,heterozygous
SNP12,2665,2355,5020,0.5308764940239044,0.46912350597609564,0.46912350597609564,heterozygous
SNP121,5786,0,5786,1.0,0.0,0.0,homozygous
SNP123,4790,4862,9652,0.4962702030667219,0.5037297969332781,0.4962702030667219,heterozygous
SNP124,948,1,949,0.9989462592202318,0.001053740779768177,0.001053740779768177,homozygous
SNP125,8,5984,5992,0.0013351134846461949,0.9986648865153538,0.0013351134846461949,homozygous
SNP126,2639,2789,5428,0.48618275607958733,0.5138172439204127,0.48618275607958733,heterozygous
SNP127,2392,2305,4697,0.509261230572706,0.490738769427294,0.490738769427294,heterozygous
SNP128,2,3991,3993,0.0005008765339343851,0.9994991234660656,0.0005008765339343851,homozygous
SNP129,18,8311,8329,0.0021611237843678715,0.9978388762156322,0.0021611237843678715,homozygous
SNP13,9519,8,9527,0.9991602813057626,0.0008397186942374305,0.0008397186942374305,homozygous
SNP130,3040,3307,6347,0.4789664408381913,0.5210335591618087,0.4789664408381913,heterozygous
SNP131,2180,2231,4411,0.49421899795964636,0.5057810020403537,0.49421899795964636,heterozygous
SNP132,7652,7749,15401,0.4968508538406597,0.5031491461593403,0.4968508538406597,heterozygous
SNP133,4477,4683,9160,0.48875545851528385,0.5112445414847162,0.48875545851528385,heterozygous
SNP134,5369,3,5372,0.9994415487714073,0.0005584512285927029,0.0005584512285927029,homozygous
SNP136,7539,2,7541,0.999734783185254,0.0002652168147460549,0.0002652168147460549,homozygous
SNP137,4713,0,4713,1.0,0.0,0.0,homozygous
SNP138,5228,4896,10124,0.5163966811536942,0.4836033188463058,0.4836033188463058,heterozygous
SNP14,5,5864,5869,0.0008519338899301414,0.9991480661100699,0.0008519338899301414,homozygous
SNP140,496,504,1000,0.496,0.504,0.496,heterozygous
SNP141,2315,2653,4968,0.46598228663446056,0.5340177133655395,0.46598228663446056,heterozygous
SNP142,1286,1213,2499,0.5146058423369347,0.4853941576630652,0.4853941576630652,heterozygous
SNP143,1367,1644,3011,0.4540019926934573,0.5459980073065427,0.4540019926934573,heterozygous
SNP145,2409,2753,5162,0.46667958155753586,0.5333204184424641,0.46667958155753586,heterozygous
SNP147,3187,3791,6978,0.45672112353109773,0.5432788764689023,0.45672112353109773,heterozygous
SNP148,0,4141,4141,0.0,1.0,0.0,homozygous
SNP149,6404,1,6405,0.9998438719750196,0.000156128024980484,0.000156128024980484,homozygous
SNP150,1191,1504,2695,0.44192949907235624,0.5580705009276438,0.44192949907235624,heterozygous
SNP151,726,0,726,1.0,0.0,0.0,homozygous
SNP154,2603,2700,5303,0.4908542334527626,0.5091457665472374,0.4908542334527626,heterozygous
SNP156,4962,3596,8558,0.5798083664407572,0.4201916335592428,0.4201916335592428,heterozygous
SNP157,3936,3438,7374,0.5337672904800651,0.4662327095199349,0.4662327095199349,heterozygous
SNP158,0,4480,4480,0.0,1.0,0.0,homozygous
SNP16,0,4307,4307,0.0,1.0,0.0,homozygous
SNP160,2064,1332,3396,0.607773851590106,0.392226148409894,0.392226148409894,heterozygous
SNP161,4218,4,4222,0.9990525817148271,0.0009474182851729038,0.0009474182851729038,homozygous
SNP162,3636,3253,6889,0.5277979387429235,0.4722020612570765,0.4722020612570765,heterozygous
SNP163,9138,5,9143,0.9994531335447884,0.0005468664552116373,0.0005468664552116373,homozygous
SNP164,2,4973,4975,0.0004020100502512563,0.9995979899497487,0.0004020100502512563,homozygous
SNP165,1395,1486,2881,0.4842068726136758,0.5157931273863242,0.4842068726136758,heterozygous
SNP166,2522,2739,5261,0.4793765443831971,0.5206234556168029,0.4793765443831971,heterozygous
SNP167,3285,3813,7098,0.4628064243448859,0.5371935756551142,0.4628064243448859,heterozygous
SNP17,1,2502,2503,0.00039952057530962844,0.9996004794246903,0.00039952057530962844,homozygous
SNP172,10,10364,10374,0.000963948332369385,0.9990360516676307,0.000963948332369385,homozygous
SNP176,3413,2666,6079,0.5614410264846191,0.4385589735153808,0.4385589735153808,heterozygous
SNP178,3,6731,6734,0.0004455004455004455,0.9995544995544996,0.0004455004455004455,homozygous
SNP180,3922,4944,8866,0.44236408752537787,0.5576359124746222,0.44236408752537787,heterozygous
SNP181,4786,5171,9957,0.4806668675303806,0.5193331324696193,0.4806668675303806,heterozygous
SNP182,6195,7,6202,0.9988713318284425,0.001128668171557562,0.001128668171557562,homozygous
SNP184,1227,1438,2665,0.4604127579737336,0.5395872420262664,0.4604127579737336,heterozygous
SNP186,195,243,438,0.4452054794520548,0.5547945205479452,0.4452054794520548,heterozygous
SNP187,4596,4536,9132,0.5032851511169514,0.4967148488830486,0.4967148488830486,heterozygous
SNP189,4,2350,2354,0.0016992353440951572,0.9983007646559049,0.0016992353440951572,homozygous
SNP191,3,5754,5757,0.0005211047420531526,0.9994788952579469,0.0005211047420531526,homozygous
SNP193,1178,1213,2391,0.49268088665830195,0.507319113341698,0.49268088665830195,heterozygous
SNP194,3820,3305,7125,0.536140350877193,0.463859649122807,0.463859649122807,heterozygous
SNP195,2,4089,4091,0.0004888780249327792,0.9995111219750672,0.0004888780249327792,homozygous
SNP196,0,6108,6108,0.0,1.0,0.0,homozygous
SNP197,6592,1,6593,0.9998483239799788,0.00015167602002123465,0.00015167602002123465,homozygous
SNP198,5658,0,5658,1.0,0.0,0.0,homozygous
SNP199,0,1841,1841,0.0,1.0,0.0,homozygous
SNP2,4710,4219,8929,0.5274946802553477,0.47250531974465226,0.47250531974465226,heterozygous
SNP20,2,2593,2595,0.0007707129094412332,0.9992292870905588,0.0007707129094412332,homozygous
SNP200,2944,2,2946,0.9993211133740665,0.0006788866259334691,0.0006788866259334691,homozygous
SNP202,2,5539,5541,0.00036094567767550983,0.9996390543223245,0.00036094567767550983,homozygous
SNP203,0,4422,4422,0.0,1.0,0.0,homozygous
SNP204,3166,3329,6495,0.48745188606620476,0.5125481139337952,0.48745188606620476,heterozygous
SNP205,6089,5,6094,0.9991795208401707,0.0008204791598293403,0.0008204791598293403,homozygous
SNP206,6577,1,6578,0.9998479781088476,0.00015202189115232594,0.00015202189115232594,homozygous
SNP207,1,3227,3228,0.0003097893432465923,0.9996902106567535,0.0003097893432465923,homozygous
SNP208,2126,1914,4040,0.5262376237623763,0.47376237623762374,0.47376237623762374,heterozygous
SNP210,2037,0,2037,1.0,0.0,0.0,homozygous
SNP212,1005,1080,2085,0.48201438848920863,0.5179856115107914,0.48201438848920863,heterozygous
SNP213,5253,0,5253,1.0,0.0,0.0,homozygous
SNP214,1562,1474,3036,0.5144927536231884,0.4855072463768116,0.4855072463768116,heterozygous
SNP215,5,3936,3941,0.001268713524486171,0.9987312864755138,0.001268713524486171,homozygous
SNP216,846,2217,3063,0.2761998041136141,0.7238001958863859,0.2761998041136141,heterozygous
SNP217,2638,0,2638,1.0,0.0,0.0,homozygous
SNP218,1780,1823,3603,0.49403275048570633,0.5059672495142936,0.49403275048570633,heterozygous
SNP219,5119,0,5119,1.0,0.0,0.0,homozygous
SNP22,12,12493,12505,0.0009596161535385846,0.9990403838464614,0.0009596161535385846,homozygous
SNP221,1152,1337,2489,0.46283648051426274,0.5371635194857373,0.46283648051426274,heterozygous
SNP222,4387,2,4389,0.9995443153337891,0.000455684666210982,0.000455684666210982,homozygous
SNP224,0,2611,2611,0.0,1.0,0.0,homozygous
SNP225,421,442,863,0.48783314020857477,0.5121668597914253,0.48783314020857477,heterozygous
SNP226,2669,2968,5637,0.47347880078055704,0.526521199219443,0.47347880078055704,heterozygous
SNP227,0,1719,1719,0.0,1.0,0.0,homozygous
SNP228,2244,2474,4718,0.47562526494277235,0.5243747350572276,0.47562526494277235,heterozygous
SNP23,10548,32,10580,0.9969754253308128,0.0030245746691871457,0.0030245746691871457,homozygous
SNP230,0,3304,3304,0.0,1.0,0.0,homozygous
SNP232,6144,0,6144,1.0,0.0,0.0,homozygous
SNP234,6677,3,6680,0.9995508982035928,0.0004491017964071856,0.0004491017964071856,homozygous
SNP235,314,356,670,0.46865671641791046,0.5313432835820896,0.46865671641791046,heterozygous
SNP237,1232,1248,2480,0.4967741935483871,0.5032258064516129,0.4967741935483871,heterozygous
SNP238,1801,1927,3728,0.4831008583690987,0.5168991416309013,0.4831008583690987,heterozygous
SNP24,4394,5056,9450,0.464973544973545,0.5350264550264551,0.464973544973545,heterozygous
SNP242,0,10902,10902,0.0,1.0,0.0,homozygous
SNP243,1,5572,5573,0.00017943656917279743,0.9998205634308271,0.00017943656917279743,homozygous
SNP244,5613,0,5613,1.0,0.0,0.0,homozygous
SNP245,1,5249,5250,0.00019047619047619048,0.9998095238095238,0.00019047619047619048,homozygous
SNP246,4861,5390,10251,0.47419763925470687,0.5258023607452932,0.47419763925470687,heterozygous
SNP247,2255,2168,4423,0.5098349536513679,0.49016504634863217,0.49016504634863217,heterozygous
SNP248,8,10795,10803,0.0007405350365639174,0.9992594649634361,0.0007405350365639174,homozygous
SNP250,5740,5,5745,0.999129677980853,0.0008703220191470844,0.0008703220191470844,homozygous
SNP251,1861,1541,3402,0.5470311581422692,0.45296884185773073,0.45296884185773073,heterozygous
SNP252,2101,2404,4505,0.46637069922308544,0.5336293007769145,0.46637069922308544,heterozygous
SNP253,2090,1750,3840,0.5442708333333334,0.4557291666666667,0.4557291666666667,heterozygous
SNP255,623,682,1305,0.47739463601532567,0.5226053639846743,0.47739463601532567,heterozygous
SNP256,5186,5465,10651,0.4869026382499296,0.5130973617500704,0.4869026382499296,heterozygous
SNP257,2575,2785,5360,0.480410447761194,0.519589552238806,0.480410447761194,heterozygous
SNP258,2758,2606,5364,0.5141685309470544,0.48583146905294555,0.48583146905294555,heterozygous
SNP259,12307,1,12308,0.9999187520311992,8.124796880077999e-05,8.124796880077999e-05,homozygous
SNP26,2111,2104,4215,0.5008303677342824,0.4991696322657177,0.4991696322657177,heterozygous
SNP260,4324,3,4327,0.9993066789923735,0.0006933210076265311,0.0006933210076265311,homozygous
SNP262,1,1791,1792,0.0005580357142857143,0.9994419642857143,0.0005580357142857143,homozygous
SNP263,2059,1823,3882,0.5303967027305513,0.4696032972694487,0.4696032972694487,heterozygous
SNP264,1220,1478,2698,0.45218680504077097,0.5478131949592291,0.45218680504077097,heterozygous
SNP265,777,0,777,1.0,0.0,0.0,homozygous
SNP266,1892,1978,3870,0.4888888888888889,0.5111111111111111,0.4888888888888889,heterozygous
SNP267,9287,0,9287,1.0,0.0,0.0,homozygous
SNP268,2536,2531,5067,0.5004933885928557,0.49950661140714425,0.49950661140714425,heterozygous
SNP27,0,1397,1397,0.0,1.0,0.0,homozygous
SNP270,4045,3475,7520,0.5378989361702128,0.4621010638297872,0.4621010638297872,heterozygous
SNP271,2447,2489,4936,0.49574554294975687,0.5042544570502431,0.49574554294975687,heterozygous
SNP272,1,3895,3896,0.0002566735112936345,0.9997433264887063,0.0002566735112936345,homozygous
SNP273,941,1181,2122,0.44344957587181905,0.556550424128181,0.44344957587181905,heterozygous
SNP275,2,5938,5940,0.0003367003367003367,0.9996632996632997,0.0003367003367003367,homozygous
SNP276,1849,1980,3829,0.48289370592844083,0.5171062940715592,0.48289370592844083,heterozygous
SNP277,3265,3770,7035,0.4641080312722104,0.5358919687277897,0.4641080312722104,heterozygous
SNP278,2172,2472,4644,0.46770025839793283,0.5322997416020672,0.46770025839793283,heterozygous
SNP279,0,7537,7537,0.0,1.0,0.0,homozygous
SNP28,1791,2131,3922,0.4566547679755227,0.5433452320244773,0.4566547679755227,heterozygous
SNP281,4833,2,4835,0.9995863495346432,0.0004136504653567735,0.0004136504653567735,homozygous
SNP282,0,7284,7284,0.0,1.0,0.0,homozygous
SNP283,3,3105,3108,0.0009652509652509653,0.999034749034749,0.0009652509652509653,homozygous
SNP284,9,6436,6445,0.0013964313421256788,0.9986035686578744,0.0013964313421256788,homozygous
SNP285,3506,2,3508,0.999429874572406,0.0005701254275940707,0.0005701254275940707,homozygous
SNP287,4,7019,7023,0.0005695571693008686,0.9994304428306992,0.0005695571693008686,homozygous
SNP289,3113,3120,6233,0.49943847264559604,0.500561527354404,0.49943847264559604,heterozygous
SNP29,5089,3,5092,0.9994108405341713,0.000589159465828751,0.000589159465828751,homozygous
SNP292,2268,1862,4130,0.5491525423728814,0.45084745762711864,0.45084745762711864,heterozygous
SNP293,8823,2,8825,0.9997733711048159,0.00022662889518413598,0.00022662889518413598,homozygous
SNP294,2198,1901,4099,0.5362283483776531,0.4637716516223469,0.4637716516223469,heterozygous
SNP295,7134,0,7134,1.0,0.0,0.0,homozygous
SNP296,10348,1,10349,0.9999033723065031,9.662769349695623e-05,9.662769349695623e-05,homozygous
SNP298,1735,1743,3478,0.49884991374353077,0.5011500862564693,0.49884991374353077,heterozygous
SNP299,1621,1807,3428,0.47287047841306884,0.5271295215869312,0.47287047841306884,heterozygous
SNP3,5,2718,2723,0.001836210062431142,0.9981637899375688,0.001836210062431142,homozygous
SNP30,2422,2590,5012,0.48324022346368717,0.5167597765363129,0.48324022346368717,heterozygous
SNP300,1,3512,3513,0.0002846569883290635,0.999715343011671,0.0002846569883290635,homozygous
SNP301,4678,4689,9367,0.4994128322835486,0.5005871677164514,0.4994128322835486,heterozygous
SNP302,2,5252,5254,0.00038066235249333843,0.9996193376475067,0.00038066235249333843,homozygous
SNP303,1,8461,8462,0.0001181753722524226,0.9998818246277476,0.0001181753722524226,homozygous
SNP304,0,2938,2938,0.0,1.0,0.0,homozygous
SNP306,1,3838,3839,0.00026048450117218026,0.9997395154988278,0.00026048450117218026,homozygous
SNP307,3,6164,6167,0.0004864601913410086,0.999513539808659,0.0004864601913410086,homozygous
SNP308,1424,1564,2988,0.47657295850066933,0.5234270414993306,0.47657295850066933,heterozygous
SNP31,3825,6,3831,0.9984338292873923,0.0015661707126076742,0.0015661707126076742,homozygous
SNP310,5435,5,5440,0.9990808823529411,0.0009191176470588235,0.0009191176470588235,homozygous
SNP311,3880,0,3880,1.0,0.0,0.0,homozygous
SNP313,2069,2492,4561,0.45362859022144264,0.5463714097785574,0.45362859022144264,heterozygous
SNP316,3253,5,3258,0.9984653161448741,0.001534683855125844,0.001534683855125844,homozygous
SNP317,3226,3,3229,0.9990709197894085,0.0009290802105915144,0.0009290802105915144,homozygous
SNP319,2318,2235,4553,0.5091148693169338,0.4908851306830661,0.4908851306830661,heterozygous
SNP32,3232,2540,5772,0.5599445599445599,0.44005544005544006,0.44005544005544006,heterozygous
SNP320,5762,5868,11630,0.4954428202923474,0.5045571797076526,0.4954428202923474,heterozygous
SNP321,2600,2540,5140,0.5058365758754864,0.49416342412451364,0.49416342412451364,heterozygous
SNP322,773,645,1418,0.5451339915373766,0.45486600846262343,0.45486600846262343,heterozygous
SNP323,0,5534,5534,0.0,1.0,0.0,homozygous
SNP326,7931,0,7931,1.0,0.0,0.0,homozygous
SNP327,4369,0,4369,1.0,0.0,0.0,homozygous
SNP328,4719,29,4748,0.9938921651221567,0.006107834877843303,0.006107834877843303,homozygous
SNP329,3461,2754,6215,0.5568785197103782,0.4431214802896219,0.4431214802896219,heterozygous
SNP331,11,684,695,0.015827338129496403,0.9841726618705036,0.015827338129496403,homozygous
SNP332,3140,2641,5781,0.5431586230755925,0.4568413769244075,0.4568413769244075,heterozygous
SNP333,3739,3922,7661,0.4880563895052865,0.5119436104947135,0.4880563895052865,heterozygous
SNP335,3497,3781,7278,0.480489145369607,0.5195108546303929,0.480489145369607,heterozygous
SNP336,3,5522,5525,0.0005429864253393666,0.9994570135746607,0.0005429864253393666,homozygous
SNP337,2298,1827,4125,0.5570909090909091,0.4429090909090909,0.4429090909090909,heterozygous
SNP338,5153,0,5153,1.0,0.0,0.0,homozygous
SNP340,2716,3184,5900,0.4603389830508475,0.5396610169491526,0.4603389830508475,heterozygous
SNP342,4201,1,4202,0.9997620180866255,0.00023798191337458352,0.00023798191337458352,homozygous
SNP343,6097,6465,12562,0.4853526508517752,0.5146473491482249,0.4853526508517752,heterozygous
SNP346,2631,2594,5225,0.5035406698564593,0.49645933014354066,0.49645933014354066,heterozygous
SNP347,2229,1977,4206,0.5299572039942939,0.47004279600570614,0.47004279600570614,heterozygous
SNP349,2542,2725,5267,0.48262768179229165,0.5173723182077083,0.48262768179229165,heterozygous
SNP350,2737,2917,5654,0.48408206579412805,0.515917934205872,0.48408206579412805,heterozygous
SNP353,6412,83,6495,0.9872209391839877,0.012779060816012317,0.012779060816012317,homozygous
SNP354,3,2382,2385,0.0012578616352201257,0.9987421383647799,0.0012578616352201257,homozygous
SNP355,3,1999,2002,0.0014985014985014985,0.9985014985014985,0.0014985014985014985,homozygous
SNP358,2318,2281,4599,0.5040226136116547,0.49597738638834526,0.49597738638834526,heterozygous
SNP359,3,3609,3612,0.0008305647840531562,0.9991694352159468,0.0008305647840531562,homozygous
SNP36,7573,1,7574,0.9998679693688935,0.0001320306311064167,0.0001320306311064167,homozygous
SNP361,4,6728,6732,0.0005941770647653001,0.9994058229352347,0.0005941770647653001,homozygous
SNP365,1,6099,6100,0.0001639344262295082,0.9998360655737705,0.0001639344262295082,homozygous
SNP366,2262,1976,4238,0.5337423312883436,0.4662576687116564,0.4662576687116564,heterozygous
SNP367,2428,2449,4877,0.4978470371129793,0.5021529628870207,0.4978470371129793,heterozygous
SNP368,3882,3137,7019,0.5530702379256305,0.4469297620743696,0.4469297620743696,heterozygous
SNP370,2749,3429,6178,0.44496600841696343,0.5550339915830366,0.44496600841696343,heterozygous
SNP371,4284,4174,8458,0.5065027193189879,0.49349728068101206,0.49349728068101206,heterozygous
SNP372,3816,3896,7712,0.4948132780082988,0.5051867219917012,0.4948132780082988,heterozygous
SNP373,5115,5124,10239,0.4995605039554644,0.5004394960445356,0.4995605039554644,heterozygous
SNP374,0,3744,3744,0.0,1.0,0.0,homozygous
SNP375,4333,3730,8063,0.5373930298896192,0.46260697011038077,0.46260697011038077,heterozygous
SNP376,7677,2,7679,0.9997395494204975,0.0002604505795025394,0.0002604505795025394,homozygous
SNP378,1538,2103,3641,0.4224114254325735,0.5775885745674265,0.4224114254325735,heterozygous
SNP38,9,5561,5570,0.001615798922800718,0.9983842010771993,0.001615798922800718,homozygous
SNP380,3374,1,3375,0.9997037037037036,0.0002962962962962963,0.0002962962962962963,homozygous
SNP382,5263,4,5267,0.9992405543952915,0.0007594456047085627,0.0007594456047085627,homozygous
SNP383,793,808,1601,0.49531542785758903,0.504684572142411,0.49531542785758903,heterozygous
SNP384,7234,8,7242,0.9988953327809997,0.0011046672190002762,0.0011046672190002762,homozygous
SNP385,3448,3512,6960,0.4954022988505747,0.5045977011494253,0.4954022988505747,heterozygous
SNP386,2307,2366,4673,0.4936871388829446,0.5063128611170554,0.4936871388829446,heterozygous
SNP387,3479,3201,6680,0.520808383233533,0.47919161676646704,0.47919161676646704,heterozygous
SNP389,2276,2715,4991,0.45602083750751354,0.5439791624924865,0.45602083750751354,heterozygous
SNP39,7,8816,8823,0.0007933809361895047,0.9992066190638105,0.0007933809361895047,homozygous
SNP390,7870,1,7871,0.9998729513403634,0.00012704865963664082,0.00012704865963664082,homozygous
SNP391,2767,2944,5711,0.4845035895639993,0.5154964104360007,0.4845035895639993,heterozygous
SNP392,2,4212,4214,0.00047460844803037496,0.9995253915519696,0.00047460844803037496,homozygous
SNP394,0,6429,6429,0.0,1.0,0.0,homozygous
SNP395,0,10351,10351,0.0,1.0,0.0,homozygous
SNP396,0,5730,5730,0.0,1.0,0.0,homozygous
SNP397,0,4059,4059,0.0,1.0,0.0,homozygous
SNP4,0,1008,1008,0.0,1.0,0.0,homozygous
SNP40,2453,2607,5060,0.48478260869565215,0.5152173913043478,0.48478260869565215,heterozygous
SNP400,2864,2442,5306,0.5397663022992838,0.46023369770071615,0.46023369770071615,heterozygous
SNP401,1207,1310,2517,0.47953913388955105,0.520460866110449,0.47953913388955105,heterozygous
SNP402,2159,1998,4157,0.5193649266297811,0.48063507337021893,0.48063507337021893,heterozygous
SNP403,5172,5687,10859,0.47628695091629064,0.5237130490837094,0.47628695091629064,heterozygous
SNP405,8760,3,8763,0.999657651489216,0.00034234851078397807,0.00034234851078397807,homozygous
SNP406,10115,4,10119,0.9996047040221365,0.00039529597786342526,0.00039529597786342526,homozygous
SNP407,5601,0,5601,1.0,0.0,0.0,homozygous
SNP41,2643,2118,4761,0.5551354757403907,0.4448645242596093,0.4448645242596093,heterozygous
SNP411,6971,0,6971,1.0,0.0,0.0,homozygous
SNP412,1762,2146,3908,0.4508700102354145,0.5491299897645855,0.4508700102354145,heterozygous
SNP414,3254,3443,6697,0.4858892041212483,0.5141107958787516,0.4858892041212483,heterozygous
SNP415,1467,1483,2950,0.4972881355932203,0.5027118644067796,0.4972881355932203,heterozygous
SNP416,4295,5003,9298,0.4619272961927296,0.5380727038072703,0.4619272961927296,heterozygous
SNP417,11175,0,11175,1.0,0.0,0.0,homozygous
SNP418,5080,5,5085,0.9990167158308751,0.0009832841691248771,0.0009832841691248771,homozygous
SNP419,1197,1323,2520,0.475,0.525,0.475,heterozygous
SNP42,7,5420,5427,0.0012898470609913396,0.9987101529390087,0.0012898470609913396,homozygous
SNP421,4576,5,4581,0.9989085352543113,0.0010914647456887142,0.0010914647456887142,homozygous
SNP422,5403,109,5512,0.9802249637155298,0.019775036284470245,0.019775036284470245,homozygous
SNP424,5281,1,5282,0.9998106777735706,0.0001893222264293828,0.0001893222264293828,homozygous
SNP427,3411,3929,7340,0.4647138964577657,0.5352861035422344,0.4647138964577657,heterozygous
SNP428,4305,1,4306,0.9997677659080353,0.00023223409196470042,0.00023223409196470042,homozygous
SNP429,6896,5,6901,0.9992754673235763,0.0007245326764237067,0.0007245326764237067,homozygous
SNP432,2004,2238,4242,0.4724186704384724,0.5275813295615276,0.4724186704384724,heterozygous
SNP434,10706,0,10706,1.0,0.0,0.0,homozygous
SNP438,14220,5,14225,0.9996485061511423,0.000351493848857645,0.000351493848857645,homozygous
SNP440,5199,121,5320,0.9772556390977444,0.02274436090225564,0.02274436090225564,homozygous
SNP441,3306,3138,6444,0.5130353817504656,0.48696461824953446,0.48696461824953446,heterozygous
SNP443,0,3950,3950,0.0,1.0,0.0,homozygous
SNP444,1835,2676,4511,0.40678341831079584,0.5932165816892042,0.40678341831079584,heterozygous
SNP445,0,6414,6414,0.0,1.0,0.0,homozygous
SNP446,6797,1,6798,0.9998528979111503,0.00014710208884966165,0.00014710208884966165,homozygous
SNP447,3,8532,8535,0.000351493848857645,0.9996485061511423,0.000351493848857645,homozygous
SNP448,2,4783,4785,0.0004179728317659352,0.9995820271682341,0.0004179728317659352,homozygous
SNP45,5,3586,3591,0.001392369813422445,0.9986076301865775,0.001392369813422445,homozygous
SNP450,10778,8,10786,0.9992582977934359,0.0007417022065640646,0.0007417022065640646,homozygous
SNP451,6,10541,10547,0.0005688821465819664,0.999431117853418,0.0005688821465819664,homozygous
SNP452,1888,2308,4196,0.449952335557674,0.550047664442326,0.449952335557674,heterozygous
SNP453,2,9526,9528,0.00020990764063811922,0.9997900923593619,0.00020990764063811922,homozygous
SNP454,1,5820,5821,0.00017179178835251675,0.9998282082116475,0.00017179178835251675,homozygous
SNP455,3317,6,3323,0.9981944026482095,0.0018055973517905506,0.0018055973517905506,homozygous
SNP457,3,6650,6653,0.00045092439500977,0.9995490756049902,0.00045092439500977,homozygous
SNP458,3,6954,6957,0.00043122035360068997,0.9995687796463993,0.00043122035360068997,homozygous
SNP46,2385,2072,4457,0.5351133049136191,0.464886695086381,0.464886695086381,heterozygous
SNP461,1258,1137,2395,0.5252609603340292,0.47473903966597075,0.47473903966597075,heterozygous
SNP464,3428,2991,6419,0.5340395700264838,0.4659604299735161,0.4659604299735161,heterozygous
SNP467,0,5395,5395,0.0,1.0,0.0,homozygous
SNP47,5,4989,4994,0.001001201441730076,0.9989987985582699,0.001001201441730076,homozygous
SNP471,1207,1303,2510,0.48087649402390437,0.5191235059760956,0.48087649402390437,heterozygous
SNP472,3653,3352,7005,0.5214846538187009,0.4785153461812991,0.4785153461812991,heterozygous
SNP474,7941,10,7951,0.9987422965664696,0.0012577034335303735,0.0012577034335303735,homozygous
SNP475,1786,1852,3638,0.4909290819131391,0.5090709180868609,0.4909290819131391,heterozygous
SNP476,1046,1472,2518,0.41540905480540113,0.5845909451945989,0.41540905480540113,heterozygous
SNP48,536,822,1358,0.3946980854197349,0.605301914580265,0.3946980854197349,heterozygous
SNP482,1,2484,2485,0.00040241448692152917,0.9995975855130784,0.00040241448692152917,homozygous
SNP484,0,1937,1937,0.0,1.0,0.0,homozygous
SNP486,3688,3552,7240,0.5093922651933702,0.49060773480662984,0.49060773480662984,heterozygous
SNP487,9627,1,9628,0.9998961362692148,0.0001038637307852098,0.0001038637307852098,homozygous
SNP489,5731,6142,11873,0.4826918217805104,0.5173081782194896,0.4826918217805104,heterozygous
SNP49,8851,9,8860,0.9989841986455982,0.0010158013544018058,0.0010158013544018058,homozygous
SNP490,4,40,44,0.09090909090909091,0.9090909090909091,0.09090909090909091,homozygous
SNP491,4777,5124,9901,0.4824765175234825,0.5175234824765175,0.4824765175234825,heterozygous
SNP492,2636,0,2636,1.0,0.0,0.0,homozygous
SNP493,3400,3449,6849,0.4964228354504307,0.5035771645495692,0.4964228354504307,heterozygous
SNP494,3016,2830,5846,0.5159083133766678,0.4840916866233322,0.4840916866233322,heterozygous
SNP495,1308,1810,3118,0.41949967928159076,0.5805003207184093,0.41949967928159076,heterozygous
SNP497,5259,0,5259,1.0,0.0,0.0,homozygous
SNP498,4886,0,4886,1.0,0.0,0.0,homozygous
SNP499,2713,3056,5769,0.4702721442191021,0.5297278557808979,0.4702721442191021,heterozygous
SNP50,1622,1387,3009,0.5390495181123297,0.46095048188767035,0.46095048188767035,heterozygous
SNP501,5793,0,5793,1.0,0.0,0.0,homozygous
SNP503,2269,2158,4427,0.5125367065733002,0.4874632934266998,0.4874632934266998,heterozygous
SNP504,5003,0,5003,1.0,0.0,0.0,homozygous
SNP506,2140,1678,3818,0.5605028810895757,0.4394971189104243,0.4394971189104243,heterozygous
SNP507,3054,2604,5658,0.5397667020148462,0.4602332979851538,0.4602332979851538,heterozygous
SNP508,4073,3,4076,0.9992639842983317,0.0007360157016683023,0.0007360157016683023,homozygous
SNP509,2509,2391,4900,0.5120408163265306,0.4879591836734694,0.4879591836734694,heterozygous
SNP51,2039,2099,4138,0.49275012083131947,0.5072498791686805,0.49275012083131947,heterozygous
SNP511,7613,7,7620,0.9990813648293964,0.0009186351706036745,0.0009186351706036745,homozygous
SNP512,698,779,1477,0.47257955314827355,0.5274204468517265,0.47257955314827355,heterozygous
SNP513,3641,3159,6800,0.5354411764705882,0.46455882352941175,0.46455882352941175,heterozygous
SNP514,0,5772,5772,0.0,1.0,0.0,homozygous
SNP515,3670,3887,7557,0.48564245070795287,0.5143575492920471,0.48564245070795287,heterozygous
SNP517,4434,1,4435,0.9997745208568207,0.00022547914317925591,0.00022547914317925591,homozygous
SNP518,2,6398,6400,0.0003125,0.9996875,0.0003125,homozygous
SNP519,3928,3675,7603,0.516638169143759,0.48336183085624096,0.48336183085624096,heterozygous
SNP52,1554,1530,3084,0.5038910505836576,0.4961089494163424,0.4961089494163424,heterozygous
SNP520,4792,89,4881,0.9817660315509117,0.0182339684490883,0.0182339684490883,homozygous
SNP522,6,7704,7710,0.0007782101167315176,0.9992217898832685,0.0007782101167315176,homozygous
SNP524,5924,1,5925,0.999831223628692,0.00016877637130801687,0.00016877637130801687,homozygous
SNP528,5814,8,5822,0.9986259017519753,0.0013740982480247338,0.0013740982480247338,homozygous
SNP531,2003,2314,4317,0.4639796154737086,0.5360203845262914,0.4639796154737086,heterozygous
SNP533,4440,0,4440,1.0,0.0,0.0,homozygous
SNP534,6650,0,6650,1.0,0.0,0.0,homozygous
SNP535,5432,0,5432,1.0,0.0,0.0,homozygous
SNP536,11005,51,11056,0.9953871201157742,0.00461287988422576,0.00461287988422576,homozygous
SNP537,1421,1380,2801,0.5073188147090325,0.4926811852909675,0.4926811852909675,heterozygous
SNP538,0,4710,4710,0.0,1.0,0.0,homozygous
SNP539,2,9648,9650,0.0002072538860103627,0.9997927461139896,0.0002072538860103627,homozygous
SNP540,3939,3381,7320,0.5381147540983606,0.4618852459016393,0.4618852459016393,heterozygous
SNP544,2090,1840,3930,0.5318066157760815,0.4681933842239186,0.4681933842239186,heterozygous
SNP545,1900,2354,4254,0.44663845792195583,0.5533615420780442,0.44663845792195583,heterozygous
SNP546,1819,2170,3989,0.4560040110303334,0.5439959889696666,0.4560040110303334,heterozygous
SNP548,2529,1979,4508,0.5610026619343389,0.43899733806566105,0.43899733806566105,heterozygous
SNP549,1,3609,3610,0.0002770083102493075,0.9997229916897507,0.0002770083102493075,homozygous
SNP55,10,7463,7473,0.0013381506757660913,0.998661849324234,0.0013381506757660913,homozygous
SNP552,4060,88,4148,0.9787849566055931,0.021215043394406944,0.021215043394406944,homozygous
SNP553,2111,2162,4273,0.4940322958109057,0.5059677041890943,0.4940322958109057,heterozygous
SNP554,2896,2000,4896,0.5915032679738562,0.4084967320261438,0.4084967320261438,heterozygous
SNP558,3501,3328,6829,0.5126665690437838,0.4873334309562161,0.4873334309562161,heterozygous
SNP56,0,8005,8005,0.0,1.0,0.0,homozygous
SNP560,1803,1875,3678,0.4902120717781403,0.5097879282218597,0.4902120717781403,heterozygous
SNP563,3500,3458,6958,0.5030181086519114,0.4969818913480885,0.4969818913480885,heterozygous
SNP564,0,7070,7070,0.0,1.0,0.0,homozygous
SNP565,1,3085,3086,0.0003240440699935191,0.9996759559300065,0.0003240440699935191,homozygous
SNP566,9840,1,9841,0.9998983843105376,0.000101615689462453,0.000101615689462453,homozygous
SNP567,1921,1901,3822,0.5026164311878598,0.49738356881214024,0.49738356881214024,heterozygous
SNP568,3,4476,4479,0.0006697923643670462,0.999330207635633,0.0006697923643670462,homozygous
SNP57,8058,6727,14785,0.5450118363205952,0.4549881636794048,0.4549881636794048,heterozygous
SNP571,2910,2856,5766,0.5046826222684704,0.4953173777315297,0.4953173777315297,heterozygous
SNP574,3805,4,3809,0.9989498556051457,0.0010501443948542925,0.0010501443948542925,homozygous
SNP575,2,8310,8312,0.00024061597690086623,0.9997593840230992,0.00024061597690086623,homozygous
SNP576,1688,1648,3336,0.5059952038369304,0.4940047961630695,0.4940047961630695,heterozygous
SNP578,2317,2423,4740,0.4888185654008439,0.5111814345991561,0.4888185654008439,heterozygous
SNP58,8022,7,8029,0.999128160418483,0.0008718395815170009,0.0008718395815170009,homozygous
SNP580,3597,0,3597,1.0,0.0,0.0,homozygous
SNP581,4077,1,4078,0.9997547817557626,0.0002452182442373713,0.0002452182442373713,homozygous
SNP584,2708,2641,5349,0.5062628528696953,0.49373714713030475,0.49373714713030475,heterozygous
SNP585,1,4797,4798,0.00020842017507294707,0.9997915798249271,0.00020842017507294707,homozygous
SNP586,4429,0,4429,1.0,0.0,0.0,homozygous
SNP587,0,4094,4094,0.0,1.0,0.0,homozygous
SNP59,8,6084,6092,0.0013131976362442547,0.9986868023637557,0.0013131976362442547,homozygous
SNP6,2840,86,2926,0.9706083390293917,0.02939166097060834,0.02939166097060834,homozygous
SNP62,2989,3084,6073,0.49217849497777044,0.5078215050222296,0.49217849497777044,heterozygous
SNP63,5113,6,5119,0.9988278960734518,0.001172103926548154,0.001172103926548154,homozygous
SNP65,28,9777,9805,0.002855685874553799,0.9971443141254462,0.002855685874553799,homozygous
SNP69,3473,3873,7346,0.47277429893819767,0.5272257010618023,0.47277429893819767,heterozygous
SNP70,1507,1455,2962,0.5087778528021607,0.4912221471978393,0.4912221471978393,heterozygous
SNP71,3529,0,3529,1.0,0.0,0.0,homozygous
SNP72,1226,1328,2554,0.48003132341425214,0.5199686765857479,0.48003132341425214,heterozygous
SNP73,14,5299,5313,0.002635046113306983,0.997364953886693,0.002635046113306983,homozygous
SNP75,5975,126,6101,0.9793476479265694,0.020652352073430587,0.020652352073430587,homozygous
SNP76,0,2376,2376,0.0,1.0,0.0,homozygous
SNP78,28,8345,8373,0.0033440821688761496,0.9966559178311238,0.0033440821688761496,homozygous
SNP81,2802,2808,5610,0.4994652406417112,0.5005347593582887,0.4994652406417112,heterozygous
SNP83,8,13259,13267,0.0006029999246250094,0.999397000075375,0.0006029999246250094,homozygous
SNP84,5,3577,3582,0.0013958682300390843,0.9986041317699609,0.0013958682300390843,homozygous
SNP87,9487,10,9497,0.9989470359060756,0.001052964093924397,0.001052964093924397,homozygous
SNP88,2972,2614,5586,0.5320443967060509,0.46795560329394914,0.46795560329394914,heterozygous
SNP89,3248,3471,6719,0.48340526864116684,0.5165947313588332,0.48340526864116684,heterozygous
SNP9,2410,2561,4971,0.4848119090726212,0.5151880909273788,0.4848119090726212,heterozygous
SNP90,1642,1595,3237,0.5072598084646277,0.49274019153537224,0.49274019153537224,heterozygous
SNP91,10,5757,5767,0.0017340038148083927,0.9982659961851916,0.0017340038148083927,homozygous
SNP92,8477,8,8485,0.9990571596935769,0.0009428403064230996,0.0009428403064230996,homozygous
SNP93,4582,1,4583,0.9997818023128955,0.0002181976871045167,0.0002181976871045167,homozygous
SNP94,2285,2,2287,0.9991254919108001,0.0008745080891998251,0.0008745080891998251,homozygous
SNP96,0,1444,1444,0.0,1.0,0.0,homozygous
SNP97,2877,0,2877,1.0,0.0,0.0,homozygous
SNP98,7196,3,7199,0.9995832754549243,0.00041672454507570494,0.00041672454507570494,homozygous
SNP99,0,4791,4791,0.0,1.0,0.0,homozygous
